渠道代号,日均UV,平均注册率,平均搜索量,访问深度,平均停留时间,订单转化率
A203,0.0001,0.1816,0.0206,0.0133,0.1192,0.6552
A387,0.0071,0.1023,0.0312,0.0107,0.0139,0.6207
A388,0.0036,0.0563,0.0511,0.009,0.012,0.1034
A389,0.0,0.1893,0.3261,0.0331,0.0707,0.3103
A390,0.0001,0.0716,0.1678,0.0122,0.0032,1.0
A391,0.0,0.3606,0.4007,0.0328,0.1275,0.0345
A392,0.0001,0.0716,0.0822,0.0075,0.0032,0.1034
A393,0.0005,0.0818,0.052,0.014,0.0148,0.1034
A394,0.0019,0.0972,0.0432,0.0141,0.0139,0.1724
A395,0.0018,0.1125,0.0539,0.0129,0.0134,0.5172
A396,0.005,0.0537,0.0125,0.011,0.0083,0.6207
A397,0.0046,0.0512,0.0177,0.0105,0.0083,0.2414
A398,0.0005,0.0205,0.0181,0.0108,0.0111,0.6897
A399,0.0,0.0,0.0121,0.0043,0.0,0.4483
A400,0.0161,0.0384,0.0113,0.0093,0.0115,0.2759
A401,0.0005,0.0537,0.0136,0.0084,0.0115,0.4828
A402,0.0001,0.3274,0.0123,0.0067,0.0217,0.3793
A403,0.0001,0.0,0.0041,0.01,0.0,1.0
A404,0.0008,0.023,0.0135,0.0074,0.0074,0.3448
A405,0.0013,0.0384,0.0127,0.0067,0.0055,0.7241
A406,0.0012,0.0793,0.0099,0.0063,0.0125,0.4483
A407,0.0035,0.0358,0.0091,0.0081,0.012,0.4138
A408,0.0062,0.0409,0.0118,0.0083,0.012,0.2759
A409,0.0001,0.0,0.0128,0.0056,0.0079,0.6207
A410,0.0186,0.0537,0.0111,0.0081,0.012,1.0
A411,0.0157,0.0512,0.0101,0.0143,0.012,0.7586
A412,0.0,0.0,0.0116,0.0111,0.0,0.5862
A413,0.0023,0.0742,0.012,0.0084,0.0111,0.1379
A414,0.1067,0.1535,0.077,0.0295,0.0411,0.5862
A415,0.0,0.0,0.0147,0.0087,0.0,0.3793
A416,0.0,0.2455,0.0278,0.0113,0.0115,0.8276
A417,0.002,0.0921,0.0087,0.0049,0.0189,0.9655
A418,0.0157,0.0691,0.0088,0.0052,0.0143,0.8966
A419,0.0047,0.1074,0.0092,0.0049,0.0157,0.8966
A420,0.0064,0.0307,0.0091,0.0067,0.006,0.7586
A421,0.0007,0.0409,0.0063,0.0087,0.0111,1.0
A422,0.1298,0.0614,0.0079,0.0135,0.0134,0.6897
A423,0.0001,0.0,0.006,0.0136,0.0291,0.5862
A424,0.1062,0.0946,0.0087,0.0153,0.0226,0.931
A425,0.0059,0.1611,0.0218,0.0251,0.0531,0.2069
A426,0.0385,0.1125,0.0105,0.0147,0.03,0.8621
A427,0.0001,0.1355,0.0103,0.0126,0.0185,0.7586
A428,0.0,0.0,0.0183,0.0093,0.0,0.1379
A429,0.0,0.0,0.0,0.0084,0.0,0.4138
A430,0.0001,0.1714,0.0194,0.0077,0.0,0.3793
A431,0.0162,0.0844,0.0176,0.0195,0.0259,1.0
A432,0.001,0.1049,0.0072,0.0059,0.0079,0.0345
A433,0.0002,0.046,0.0174,0.0101,0.0226,0.4828
A434,0.0052,0.1023,0.0079,0.0103,0.0333,0.1724
A435,0.0404,0.0307,0.0082,0.0102,0.0065,0.4138
A436,0.0001,0.0,0.0,0.0088,0.0074,0.4483
A437,0.0157,0.1023,0.0168,0.0182,0.0134,0.2414
A438,0.0063,0.0895,0.0133,0.016,0.0106,0.0
A439,0.0001,0.0,0.0,0.0031,0.0,0.7931
A440,0.0002,0.0614,0.0046,0.0124,0.0199,0.6207
A441,0.0002,0.0,0.0177,0.009,0.0051,0.2069
A442,0.0,0.0,0.0162,0.0087,0.0,0.8276
A443,0.0025,0.0051,0.0103,0.0086,0.0069,0.3793
A444,0.0172,0.0307,0.0115,0.0167,0.0079,0.3793
A445,0.0002,0.1944,0.0164,0.0125,0.0023,0.6207
A446,0.0,1.0,0.0,0.0114,0.018,0.4483
A447,0.0,0.0,0.0111,0.0127,0.0776,0.8966
A448,0.0139,0.0716,0.0098,0.016,0.0203,0.3448
A449,0.0011,0.0358,0.0037,0.0155,0.0079,0.1724
A450,0.0085,0.0486,0.0102,0.014,0.0055,0.8966
A451,0.0015,0.0384,0.0153,0.0129,0.0268,0.2759
A452,0.0066,0.087,0.0055,0.0169,0.0134,0.4828
A453,0.0,0.0,0.0,0.0041,0.0,0.5517
A454,0.0001,0.1279,0.0,0.0077,0.0055,0.7931
A455,0.0002,0.0,0.0,0.0035,0.0023,0.7586
A456,0.0013,0.0077,0.0006,0.001,0.0005,0.4828
A457,0.005,0.0153,0.0028,0.0023,0.0014,0.1379
A458,0.0004,0.0,0.0032,0.005,0.0023,0.1034
A459,0.0003,0.0,0.0013,0.0008,0.0,0.1379
A460,0.0094,0.0179,0.0016,0.0014,0.0018,0.8276
A461,0.0091,0.0,0.0017,0.0009,0.0005,0.5517
A462,0.0003,0.0,0.0035,0.0006,0.0028,0.1034
A463,0.0007,0.0153,0.0,0.0011,0.0,0.5517
A464,0.0001,0.0,0.004,0.0005,0.0,0.1379
A465,0.0003,0.0,0.0065,0.0016,0.0014,0.5862
A466,0.0001,0.0,0.0,0.0063,0.0,0.8966
A467,0.0001,0.0,0.0,0.0109,0.0,0.0345
A468,0.0022,0.0691,0.0014,0.013,0.0069,0.8621
A469,0.0001,0.4399,0.0055,0.0143,0.0134,0.1034
A470,0.0009,0.1279,0.002,0.016,0.0065,0.4138
A471,0.0026,0.0384,0.0129,0.0131,0.0069,0.7931
A472,0.0002,0.0,0.0082,0.0067,0.0115,0.9655
A473,0.0006,0.1253,0.0327,0.016,0.0309,0.4483
A474,0.002,0.1049,0.0275,0.018,0.0152,0.8621
A475,0.0,0.2558,0.0289,0.0135,0.0,0.6207
A476,0.0,0.0,0.0652,0.0086,0.0305,0.7241
A477,0.0019,0.0409,0.0112,0.0087,0.0111,0.5172
A478,0.0082,0.0486,0.0096,0.0099,0.0111,0.1034
A479,0.0,0.0,0.0173,0.0073,0.0,0.2759
A480,0.0001,0.0,0.0199,0.01,0.0115,0.1034
A481,0.0001,0.0,0.0,0.0041,0.0,0.6207
A482,0.0,0.0,0.0127,0.0083,0.0,0.7241
A483,0.0014,0.0486,0.0065,0.0121,0.0125,0.0
A484,0.0067,0.0153,0.0034,0.005,0.0042,0.8966
A485,0.0,0.0,0.0,0.0162,0.0333,0.9655
A486,0.0016,0.1509,0.0162,0.0237,0.0337,0.6207
A487,0.0002,0.0,0.0143,0.0169,0.0448,0.4138
A488,0.0071,0.0,0.0017,0.0032,0.0,0.7586
A489,0.0001,0.1432,0.0054,0.0197,0.0263,0.6552
A490,0.0,0.0,0.0,0.0007,0.0,0.5862
A491,0.0011,0.0767,0.0096,0.0208,0.0222,0.3448
A492,0.0349,0.0,0.0016,0.0039,0.0005,0.8621
A493,0.0004,0.0997,0.0085,0.0176,0.0157,0.1034
A494,0.0024,0.0972,0.0078,0.011,0.0351,0.1379
A495,0.0002,0.0,0.002,0.0062,0.0046,0.2759
A496,0.0046,0.0537,0.0085,0.0128,0.0102,0.3103
A497,0.0001,0.0665,0.0051,0.0126,0.03,0.4138
A498,0.0001,0.1432,0.0054,0.0205,0.0286,0.8276
A499,0.0,0.0,0.0121,0.0162,0.0139,0.5172
A500,0.0001,0.0,0.0039,0.01,0.0092,0.4828
A501,0.0005,0.0384,0.0029,0.0101,0.0129,0.931
A502,0.0005,0.0,0.0,0.0103,0.0009,0.3448
A503,0.0,0.0,0.0,0.0027,0.0,0.0
A504,0.0,0.0,0.0,0.0053,0.0,0.1724
A505,0.0,0.0,0.0,0.0101,0.0111,0.7241
A553,0.0007,0.0409,0.0056,0.0031,0.0042,0.2069
A554,0.0,0.0,0.0272,0.016,0.0,0.6207
A555,0.0001,0.0,0.0087,0.0062,0.0199,0.6552
A556,0.0,0.0,0.0072,0.0071,0.0,0.7931
A557,0.0017,0.1074,0.0176,0.0225,0.0106,0.2759
A558,0.0002,0.0,0.0102,0.0024,0.0,0.2759
A559,0.0008,0.1586,0.0161,0.0209,0.0134,0.2414
A560,0.0003,0.0332,0.0121,0.0218,0.0129,0.6897
A561,0.0031,0.1637,0.0159,0.0234,0.0176,0.8276
A562,0.0013,0.1381,0.0189,0.0252,0.0166,0.4138
A563,0.0004,0.0742,0.0114,0.013,0.0088,0.0
A564,0.0009,0.2532,0.0157,0.0221,0.0254,0.4483
A565,0.0012,0.0486,0.0128,0.009,0.0065,0.2069
A566,0.0012,0.2481,0.0177,0.0183,0.0249,0.6897
A567,0.0001,0.0,0.0122,0.0188,0.0074,0.9655
A568,0.0,0.0,0.0679,0.019,0.0,0.5172
A844,0.0722,0.0,0.002,0.0146,0.0005,0.3103
A845,0.0731,0.0,0.002,0.015,0.0005,0.8621
A846,1.0,0.0332,0.0054,0.0107,0.0088,0.0
A847,0.1607,0.0205,0.0043,0.0223,0.006,0.931
A848,0.0716,0.0026,0.0026,0.015,0.0014,0.1379
A849,0.2697,0.0102,0.0065,0.0179,0.0042,0.7241
A850,0.4771,0.0793,0.0257,0.0254,0.0217,0.3103
A851,0.0003,0.0,0.0,0.0131,0.0,0.3103
A852,0.0001,0.0,0.0,0.0099,0.0,0.8621
A853,0.6623,0.0332,0.019,0.011,0.0092,0.0
A854,0.0002,0.0,0.0,0.0057,0.0,0.4828
A855,0.0006,0.0,0.0,0.0007,0.0,0.3793
A856,0.1702,0.0307,0.0086,0.0206,0.0088,1.0
A857,0.0002,0.0,0.0,0.0068,0.0,0.2759
A858,0.0,0.0,0.0083,0.0079,0.0,0.8276
A859,0.0,0.711,0.0,0.0914,0.3321,0.7931
A860,0.0,0.0,0.294,0.0503,0.0845,0.9655
A118,0.0272,0.0026,0.004,0.0028,0.0009,0.3448
A119,0.0281,0.0051,0.0012,0.003,0.0005,0.069
A120,0.002,0.0102,0.0105,0.0017,0.0014,0.4483
A121,0.0331,0.0,0.0013,0.0017,0.0,0.8966
A122,0.0157,0.0,0.0025,0.0014,0.0,0.4138
A123,0.0332,0.0,0.0001,0.0006,0.0,0.0
A124,0.0406,0.0358,0.008,0.0103,0.0125,0.0
A125,0.0307,0.0818,0.0054,0.006,0.0065,0.8621
A126,0.032,0.0077,0.0041,0.005,0.0018,0.6552
A127,0.0204,0.0486,0.0018,0.0071,0.006,0.3103
A128,0.019,0.0,0.0003,0.0021,0.0005,0.2759
A129,0.015,0.0,0.0018,0.0025,0.0005,0.2759
A130,0.042,0.0026,0.0009,0.0013,0.0,0.4138
A131,0.0087,0.0128,0.0011,0.0034,0.0023,0.0345
A132,0.0277,0.0026,0.0038,0.003,0.0005,0.8621
A133,0.0292,0.0102,0.0014,0.0031,0.0005,0.7586
A134,0.0022,0.0,0.0068,0.0017,0.0028,0.8276
A135,0.0203,0.0,0.0001,0.0005,0.0,0.4138
A136,0.024,0.0026,0.002,0.0024,0.0009,0.0
A169,0.2412,0.0026,0.0012,0.0209,0.0005,0.5517
A170,0.0001,0.0,0.0,0.0005,0.0,0.6897
A171,0.0001,0.0,0.0,0.0193,0.0,1.0
A384,0.1891,0.0,0.0016,0.0042,0.0,0.069
A385,0.0614,0.0,0.0003,0.0001,0.0,0.1034
A386,0.3667,0.0,0.0002,0.0031,0.0,0.8621
A49,0.0001,0.0,0.0,0.0019,0.0,0.5172
A50,0.0,0.0,0.0,0.0495,0.1418,0.7241
A51,0.0,0.3018,0.0,0.0137,0.0148,0.8621
A52,0.0,0.0,0.0,0.0064,0.0,0.2759
A53,0.0,0.0,0.0102,0.0074,0.0,0.8621
A54,0.0004,0.0691,0.2489,0.0111,0.0106,0.5172
A55,0.0009,0.0716,0.2633,0.0098,0.012,0.2759
A56,0.0003,0.133,0.2624,0.0127,0.0139,0.8966
A569,0.0671,0.0153,0.0024,0.005,0.0032,0.8966
A57,0.0542,0.0179,0.0031,0.0031,0.0023,0.4828
A58,0.3172,0.0384,0.0027,0.0029,0.0028,0.4138
A671,0.113,0.0051,0.0004,0.002,0.0018,0.4483
A672,0.0244,0.0102,0.0004,0.0023,0.0014,0.1034
A673,0.1097,0.0128,0.0039,0.0045,0.0023,0.3448
A674,0.0342,0.2123,0.0457,0.0388,0.0499,0.6207
A675,0.0668,0.0358,0.0029,0.0072,0.0028,0.4828
A676,0.1859,0.0026,0.0021,0.0048,0.0005,0.5517
A677,0.1188,0.0077,0.0017,0.0025,0.0014,0.5172
A678,0.0029,0.0281,0.0031,0.003,0.0023,0.4828
A679,0.0274,0.0332,0.0035,0.006,0.0051,0.5172
A680,0.0769,0.0051,0.0018,0.0036,0.0014,0.2759
A681,0.0058,0.0281,0.002,0.008,0.006,0.8621
A682,0.1582,0.0,0.0002,0.004,0.0005,0.2759
A683,0.0231,0.2097,0.0907,0.0326,0.049,0.931
A684,0.065,0.0,0.0003,0.0002,0.0,0.7586
A686,0.2406,0.0,0.0004,0.0056,0.0,0.3448
A687,0.0001,0.0,0.0,0.0003,0.0,0.7241
A688,0.0001,0.0,0.0,0.0001,0.0,0.5517
A861,0.0026,0.0,0.0035,0.0194,0.0005,1.0
A1,0.0,0.0,0.0122,0.0097,0.0,0.1034
A10,0.0434,0.0205,0.0058,0.0097,0.0032,0.8276
A100,0.0122,0.3913,0.1363,0.0634,0.1423,0.5517
A101,0.0006,0.0,0.0,0.0002,0.0,0.4138
A102,0.0001,0.0,0.0073,0.0051,0.0042,0.4483
A103,0.0069,0.2506,0.1045,0.046,0.0633,0.6897
A104,0.0006,0.0921,0.0254,0.041,0.0499,0.0345
A105,0.3685,0.0435,0.0059,0.0096,0.0083,0.5862
A106,0.0002,0.0,0.0015,0.0002,0.0,0.1034
A107,0.0001,0.0,0.0,0.0001,0.0,0.7931
A11,0.0195,0.0026,0.0041,0.0033,0.0,0.5172
A114,0.0718,0.0153,0.0006,0.003,0.0028,0.5517
A115,0.0896,0.0332,0.0122,0.0062,0.0065,0.5517
A12,0.0048,0.0844,0.0164,0.0183,0.0148,0.6207
A13,0.0,0.0,0.3182,0.0481,0.0517,0.2069
A137,0.0203,0.1688,0.0457,0.0166,0.0245,0.1724
A138,0.0001,0.0,0.0555,0.0229,0.0679,1.0
A139,0.0435,0.0,0.0014,0.0062,0.0005,0.6207
A14,0.0001,0.0,0.219,0.0402,0.0485,0.5862
A140,0.0079,0.0,0.0009,0.007,0.0005,0.8621
A141,0.0387,0.0,0.0016,0.0051,0.0005,0.8966
A142,0.0143,0.0,0.0025,0.006,0.0005,0.1034
A143,0.0297,0.0,0.0016,0.0049,0.0005,0.2069
A144,0.026,0.0,0.0014,0.0059,0.0018,0.7931
A145,0.016,0.0,0.0012,0.0055,0.0005,0.6207
A146,0.0443,0.0,0.0008,0.0054,0.0005,0.8966
A147,0.014,0.0,0.0005,0.0053,0.0005,0.8966
A148,0.0165,0.0051,0.0019,0.0052,0.0005,0.6897
A149,0.0498,0.0077,0.0002,0.0062,0.0009,0.8276
A15,0.0001,0.0,0.2594,0.0365,0.0878,0.2414
A150,0.0438,0.0,0.0014,0.0051,0.0,0.8966
A151,0.029,0.0026,0.0013,0.0056,0.0005,0.5862
A152,0.049,0.0,0.0011,0.0054,0.0005,0.2759
A153,0.0298,0.0026,0.0007,0.0053,0.0009,1.0
A154,0.0164,0.0,0.0,0.0069,0.0005,0.5172
A16,0.0054,0.0921,0.0131,0.0168,0.0166,0.2759
A17,0.0002,0.046,0.0224,0.0249,0.0379,0.8276
A172,0.0,0.0,0.0,0.0024,0.0,0.6207
A173,0.2097,0.0307,0.0031,0.0122,0.0065,0.4483
A174,0.3519,0.0,0.0011,0.0093,0.0,0.9655
A175,0.0001,0.0,0.0,0.0025,0.0,0.069
A176,0.0,0.0,0.0,0.0022,0.0,0.931
A178,0.001,0.087,0.045,0.0184,0.024,0.2759
A179,0.0746,0.0435,0.0042,0.0153,0.0115,0.1034
A18,0.012,0.0742,0.0136,0.0178,0.0129,0.4483
A180,0.2119,0.0,0.0012,0.0104,0.0,0.8966
A181,0.0,0.0,0.0,0.0038,0.0,0.1034
A182,0.0,0.0,0.0,0.0026,0.0,0.1379
A19,0.0,0.0,0.0222,0.0077,0.0,0.3448
A190,0.0026,0.2481,0.0661,0.0196,0.0522,0.1724
A2,0.0,0.1867,0.3731,0.033,0.0106,0.6552
A20,0.0,0.202,0.0,0.0118,0.3141,0.0
A284,0.0067,0.0,0.0001,0.0023,0.0,0.7931
A285,0.0304,0.0,0.0,0.0034,0.0,0.3103
A286,0.0057,0.0,0.0001,0.0108,0.0009,0.2414
A287,0.004,0.0,0.0002,0.0057,0.0,0.3448
A288,0.0111,0.0,0.0001,0.0035,0.0005,0.9655
A289,0.0233,0.0,0.0001,0.0044,0.0,0.7931
A290,0.0449,0.0,0.0,0.0036,0.0,0.5862
A291,0.0085,0.0026,0.0004,0.0059,0.0005,0.069
A292,0.0207,0.0,0.0001,0.0029,0.0,1.0
A293,0.0112,0.0026,0.0001,0.0028,0.0,0.5862
A294,0.0058,0.0,0.0,0.0001,0.0,0.0
A295,0.2786,0.0435,0.0085,0.0078,0.037,0.1379
A296,0.0001,0.0,0.0,0.0062,0.0388,0.0345
A297,0.0678,0.0,0.0,0.0088,0.0,0.5517
A298,0.0094,0.0,0.0,0.0044,0.0,0.2759
A299,0.0106,0.0,0.0001,0.004,0.0005,0.5862
A3,0.0121,0.266,0.0222,0.0417,0.054,0.2759
A300,0.0099,0.0,0.0,0.0039,0.0,0.4828
A301,0.0134,0.0128,0.0014,0.0049,0.0014,0.4138
A302,0.0078,0.0,0.0,0.0037,0.0,0.9655
A303,0.013,0.0,0.0,0.0036,0.0,0.0345
A304,0.0119,0.0,0.0001,0.0037,0.0,0.4483
A305,0.0058,0.0,0.0002,0.0035,0.0,0.3793
A306,0.0027,0.4757,0.0426,0.0228,0.0273,0.5517
A307,0.0001,0.4348,0.0328,0.0345,0.0762,0.9655
A308,0.0338,0.0026,0.0002,0.0041,0.0005,0.8966
A309,0.0161,0.0026,0.0002,0.0137,0.0005,0.7241
A310,0.0258,0.0026,0.0004,0.0062,0.0005,0.8276
A311,0.004,0.0,0.0002,0.0041,0.0,0.1034
A312,0.0041,0.0,0.0003,0.0043,0.0,0.7241
A313,0.0039,0.0026,0.0005,0.0093,0.0009,0.6897
A314,0.0079,0.0,0.0001,0.0024,0.0,0.6897
A315,0.0057,0.0,0.0,0.0118,0.0,0.5862
A316,0.0016,0.0,0.0003,0.0061,0.0018,0.4138
A317,0.0075,0.0,0.0001,0.0041,0.0,0.7931
A318,0.0249,0.0,0.0,0.0028,0.0,0.7241
A319,0.0136,0.0,0.0,0.003,0.0,0.4828
A320,0.0027,0.0,0.0003,0.003,0.0,0.2759
A321,0.0081,0.0077,0.0005,0.0043,0.0005,0.8621
A322,0.0089,0.2379,0.054,0.0163,0.0309,0.5517
A323,0.0008,0.1969,0.021,0.0169,0.0282,0.3793
A324,0.0001,0.0,0.0232,0.0218,0.0042,0.6552
A325,0.0,0.0,0.587,0.0068,0.0125,0.1034
A326,0.058,0.0,0.0028,0.0066,0.0005,0.6552
A327,0.0,0.0,0.0,0.0003,0.0,0.1379
A328,0.0356,0.0,0.0027,0.0067,0.0005,0.3103
A329,0.0184,0.0,0.0029,0.005,0.0005,0.7931
A330,0.0238,0.0,0.0026,0.0044,0.0,0.7931
A331,0.0238,0.0,0.0024,0.0063,0.0005,0.5862
A332,0.0158,0.0026,0.0013,0.0061,0.0014,0.5172
A333,0.0388,0.0026,0.0014,0.0057,0.0009,0.2759
A334,0.0606,0.0051,0.0003,0.0063,0.0009,0.931
A335,0.0318,0.0026,0.0041,0.0055,0.0014,0.7586
A336,0.0135,0.0026,0.0025,0.006,0.0009,0.069
A337,0.0004,0.1304,0.0517,0.0094,0.024,0.8276
A338,0.0475,0.0128,0.0063,0.0061,0.0032,0.6207
A339,0.0542,0.0,0.0028,0.006,0.0005,0.1379
A340,0.0001,0.0,0.0,0.0001,0.0,0.2414
A341,0.0538,0.0026,0.0023,0.0059,0.0005,0.4138
A342,0.0611,0.0,0.0019,0.0047,0.0005,1.0
A343,0.0448,0.0,0.0015,0.0052,0.0005,0.5172
A344,0.0264,0.0,0.0015,0.0058,0.0005,0.6552
A345,0.0234,0.0051,0.0041,0.006,0.0018,0.2759
A346,0.0541,0.0,0.0029,0.006,0.0009,0.7931
A347,0.0001,0.0,0.0,0.0,0.0,0.8621
A348,0.0581,0.0026,0.0025,0.0045,0.0005,0.3793
A349,0.0557,0.0128,0.0038,0.0063,0.0018,0.4138
A35,0.0,0.0,0.0,0.0386,0.0,0.8276
A350,0.0449,0.0,0.0015,0.0051,0.0005,0.3448
A351,0.0133,0.0026,0.0014,0.0059,0.0009,0.6207
A352,0.0103,0.0026,0.001,0.0055,0.0005,0.6897
A353,0.0245,0.0077,0.0008,0.0054,0.0005,0.5517
A354,0.0157,0.0026,0.0006,0.0057,0.0005,0.8621
A355,0.1163,0.0051,0.005,0.0038,0.0018,0.6207
A356,0.0,0.0,0.0122,0.0003,0.0,0.3793
A357,0.0267,0.0,0.0023,0.0067,0.0005,0.8276
A358,0.0137,0.0,0.0025,0.005,0.0005,0.7241
A359,0.0178,0.0,0.0026,0.0045,0.0,0.7241
A360,0.0177,0.0,0.0025,0.0064,0.0005,0.3103
A361,0.0331,0.0,0.0017,0.0049,0.0005,0.7931
A362,0.0047,0.0,0.001,0.0057,0.0005,0.8621
A363,0.0229,0.0,0.0012,0.0045,0.0005,0.8966
A364,0.0347,0.0026,0.0011,0.0055,0.0005,0.7241
A365,0.0585,0.0026,0.001,0.0054,0.0009,0.3448
A366,0.0666,0.0026,0.0004,0.0057,0.0005,0.6207
A367,0.0035,0.0026,0.001,0.0032,0.0005,0.4483
A368,0.0156,0.0,0.0012,0.0045,0.0,0.9655
A369,0.0418,0.0051,0.0003,0.0061,0.0009,0.4138
A370,0.0349,0.0,0.0012,0.0061,0.0005,0.6552
A371,0.0394,0.0026,0.001,0.0062,0.0005,0.3448
A372,0.0061,0.0,0.0008,0.0063,0.0005,0.6552
A373,0.0102,0.0026,0.0007,0.0059,0.0005,0.6552
A374,0.04,0.0,0.0027,0.005,0.0009,0.3103
A375,0.0194,0.0,0.004,0.0066,0.0009,0.2414
A376,0.0293,0.0,0.0024,0.0067,0.0005,0.3448
A377,0.0,0.0,0.0,0.0,0.0,0.6552
A378,0.0089,0.0,0.0024,0.0055,0.0005,0.7241
A379,0.0128,0.0563,0.0206,0.0103,0.0106,0.2759
A380,0.0152,0.0153,0.0049,0.007,0.0023,0.3448
A381,0.0106,0.0,0.0017,0.0045,0.0009,0.4828
A382,0.0117,0.0,0.0014,0.0043,0.0005,0.7586
A4,0.047,0.0102,0.0026,0.0038,0.0023,0.0
A45,0.009,0.0665,0.0039,0.0049,0.0055,0.3793
A46,0.0023,0.0077,0.0032,0.003,0.0028,0.5862
A47,0.0022,0.0051,0.0039,0.0034,0.0009,0.931
A48,0.0004,0.0,0.007,0.0121,0.0134,0.7931
A5,0.0442,0.0102,0.0026,0.0047,0.0032,0.931
A550,0.0001,0.1279,0.0241,0.0174,0.0055,0.4828
A551,0.0,0.0,0.0,0.0553,0.1224,0.5172
A552,0.0,0.3197,0.0,0.0603,0.6508,0.3448
A59,0.0,0.0,0.0937,0.0125,0.0,0.5172
A6,0.042,0.0128,0.0012,0.0029,0.0023,0.9655
A60,0.0,0.0,0.1465,0.0123,0.0,0.5172
A61,0.0001,0.0,0.1173,0.0066,0.0079,0.069
A62,0.0,0.0,0.0797,0.0148,0.0,0.8621
A63,0.0029,0.0307,0.0041,0.0055,0.0028,0.8621
A64,0.0025,0.0128,0.0033,0.0054,0.0018,0.7931
A65,0.0031,0.0102,0.0041,0.006,0.0037,0.6897
A66,0.002,0.0716,0.0067,0.0088,0.0129,0.8276
A67,0.0009,0.0691,0.0035,0.0038,0.0009,0.069
A68,0.0026,0.0077,0.0042,0.0048,0.0014,0.7931
A685,0.0482,0.046,0.0046,0.0065,0.0018,0.5517
A689,0.0011,0.0,0.0754,0.0088,0.0009,0.3448
A69,0.0046,0.023,0.0036,0.0085,0.0129,0.8966
A690,0.0027,0.0026,0.0734,0.0087,0.006,0.9655
A691,0.0003,0.0281,0.0961,0.0096,0.0065,0.5517
A692,0.0029,0.0153,0.104,0.008,0.0023,0.3448
A693,0.0008,0.0793,0.0973,0.0089,0.012,0.7586
A694,0.0449,0.1151,0.0971,0.0175,0.0231,0.1724
A695,0.0,0.0,0.7524,0.0151,0.0,1.0
A696,0.0,0.0,0.9059,0.0162,0.0,0.3448
A697,0.0012,0.0,0.0783,0.0068,0.0005,1.0
A698,0.0035,0.0077,0.0731,0.0082,0.0042,0.8276
A699,0.0012,0.023,0.0841,0.007,0.0005,0.8966
A7,0.0001,0.133,0.3887,0.0182,0.0249,0.4138
A70,0.0043,0.0307,0.0029,0.0099,0.0032,0.4138
A700,0.0044,0.0256,0.0822,0.0102,0.0037,1.0
A701,0.0031,0.0205,0.0525,0.0079,0.012,0.931
A702,0.0017,0.0102,0.0751,0.0081,0.0032,0.4138
A703,0.0001,0.0,0.184,0.0353,0.1007,0.4483
A704,0.0001,0.0,0.5833,0.0251,0.0406,0.4483
A705,0.0001,0.0,0.5826,0.0219,0.0245,0.5517
A706,0.0,0.2327,0.6662,0.0169,0.0,0.2759
A707,0.0001,0.0,0.6177,0.0169,0.0259,0.6897
A708,0.0001,0.3197,0.5545,0.0301,0.0614,0.8621
A709,0.0032,0.0179,0.026,0.0017,0.0009,0.4483
A71,0.0015,0.0409,0.0039,0.0075,0.0028,0.5517
A710,0.0094,0.0128,0.0243,0.0013,0.0014,0.9655
A711,0.0032,0.0179,0.0239,0.0028,0.0018,0.8621
A712,0.0045,0.0409,0.0494,0.0082,0.0046,0.4828
A713,0.016,0.0077,0.0252,0.0016,0.0009,0.5172
A714,0.0146,0.0026,0.0279,0.0015,0.0023,0.5172
A715,0.0039,0.0,0.0311,0.0016,0.0014,0.0345
A72,0.0006,0.2046,0.0044,0.0093,0.0088,0.4828
A722,0.0,0.0,0.0,0.034,0.3349,0.1379
A723,0.0,0.0,0.0214,0.0861,1.0,0.1379
A724,0.0002,0.0844,0.3586,0.0306,0.037,0.931
A73,0.0009,0.023,0.0013,0.0054,0.0037,0.5172
A74,0.0024,0.0153,0.004,0.0059,0.0023,0.5172
A75,0.0003,0.2251,0.0056,0.0122,0.0115,0.8276
A765,0.0013,0.0,0.0,0.0102,0.0,0.2414
A766,0.0048,0.0,0.0,0.0105,0.0,0.9655
A767,0.0664,0.1893,0.0845,0.0172,0.0522,0.4828
A768,0.0002,0.1611,0.8391,0.0319,0.0573,0.0345
A769,0.0019,0.0,0.0,0.0109,0.0,0.8966
A770,0.0155,0.0,0.0,0.0118,0.0,0.2759
A771,0.0178,0.0,0.0,0.0106,0.0,0.2759
A772,0.0095,0.0,0.0,0.0125,0.0,0.4483
A773,0.0208,0.0,0.0,0.0104,0.0,0.4828
A774,0.0078,0.0,0.0,0.0112,0.0,0.1034
A775,0.0346,0.0,0.0,0.0104,0.0,0.5172
A776,0.0283,0.0,0.0,0.0131,0.0,0.9655
A777,0.0076,0.0,0.0,0.0122,0.0,1.0
A778,0.0128,0.0,0.0007,0.0121,0.0,0.5172
A779,0.0317,0.0,0.0016,0.0151,0.0,1.0
A780,0.0221,0.0,0.0007,0.0115,0.0,1.0
A781,0.0026,0.0,0.0,0.0102,0.0,0.3793
A782,0.0046,0.0,0.0,0.0105,0.0,0.7931
A783,0.0255,0.0,0.0,0.0118,0.0005,0.2069
A784,0.0153,0.0,0.0,0.0104,0.0,0.4828
A785,0.0112,0.0026,0.0,0.0115,0.0005,0.7931
A786,0.037,0.0,0.0,0.0105,0.0,0.8966
A787,0.029,0.0,0.0001,0.0119,0.0,0.6897
A788,0.0061,0.0026,0.0,0.0109,0.0009,0.6552
A789,0.0227,0.0,0.0015,0.0144,0.0,0.1034
A790,0.0225,0.0,0.0017,0.0145,0.0,0.7241
A791,0.0567,0.0,0.0026,0.0041,0.0,0.8621
A792,0.0461,0.0026,0.001,0.0074,0.0,0.3793
A793,0.0005,0.179,0.6534,0.0208,0.0323,0.4138
A794,0.0001,0.4808,0.0844,0.0304,0.085,0.4483
A795,0.0,0.6266,0.4497,0.0304,0.0725,0.4483
A796,0.0108,0.0,0.0,0.0106,0.0,0.1724
A797,0.0185,0.0,0.0,0.0117,0.0,1.0
A798,0.006,0.0,0.0,0.0114,0.0005,0.6552
A799,0.017,0.0,0.0,0.01,0.0005,0.2759
A8,0.0,0.2941,0.399,0.0126,0.0,0.0345
A800,0.0349,0.0,0.0,0.0115,0.0,0.4138
A801,0.0208,0.0,0.0,0.0114,0.0,0.3103
A802,0.0146,0.0,0.0012,0.0121,0.0009,0.4828
A803,0.0036,0.0,0.0,0.0119,0.0,0.069
A804,0.0049,0.0,0.0,0.0105,0.0,0.6207
A805,0.0049,0.0,0.0,0.0109,0.0,0.3448
A806,0.0185,0.0,0.0014,0.0108,0.0,0.0
A807,0.0197,0.0,0.0016,0.0146,0.0,0.7586
A808,0.0211,0.0,0.0004,0.0111,0.0,0.0345
A809,0.0229,0.0,0.0,0.0122,0.0,0.1034
A810,0.0282,0.0,0.0006,0.0102,0.0,0.8621
A811,0.0126,0.0,0.0,0.0111,0.0,0.8621
A812,0.0221,0.0,0.001,0.0153,0.0,0.931
A813,0.087,0.0,0.0025,0.0058,0.0,0.7931
A814,0.0239,0.0,0.0004,0.013,0.0,0.8276
A815,0.0283,0.0,0.0,0.0108,0.0,0.931
A816,0.0857,0.0,0.0,0.0111,0.0,0.7931
A817,0.0156,0.0,0.0,0.0172,0.0,0.8621
A818,0.0241,0.0026,0.0005,0.0197,0.0005,0.931
A819,0.0153,0.0,0.0003,0.0161,0.0,0.6897
A820,0.0027,0.0,0.0003,0.0118,0.0,0.3103
A821,0.0048,0.0,0.0001,0.0105,0.0,0.5172
A822,0.0019,0.0,0.0,0.0093,0.0,0.4828
A823,0.0053,0.0,0.0,0.0101,0.0,0.7586
A824,0.0134,0.0,0.001,0.0102,0.0,0.4138
A828,0.0008,0.0,0.0726,0.0088,0.0088,0.7241
A829,0.0,0.0,0.1232,0.0059,0.0,0.931
A830,0.0006,0.0,0.0193,0.0076,0.0009,1.0
A831,0.001,0.0,0.0072,0.0112,0.0018,0.8966
A832,0.0006,0.0,0.0182,0.009,0.0005,0.4483
A833,0.0002,0.0,0.0018,0.0055,0.0055,0.6897
A834,0.0,0.0,1.0,0.0031,0.0,0.4483
A835,0.0001,0.0,0.1293,0.0517,0.3076,0.6897
A836,0.0011,0.0,0.004,0.0189,0.0,0.7241
A837,0.0001,0.0,0.0142,0.0124,0.0129,0.931
A838,0.0006,0.0128,0.0019,0.0102,0.012,0.6552
A839,0.002,0.0,0.0008,0.0135,0.0,0.4138
A840,0.007,0.0,0.0016,0.0138,0.0,0.931
A841,0.0165,0.0,0.0017,0.0138,0.0005,0.6207
A842,0.0161,0.0,0.0013,0.0128,0.0,0.6552
A843,0.0002,0.0,0.0,0.013,0.0055,0.3793
A862,0.0,0.0,0.0,0.0187,0.0,0.4483
A863,0.0,0.0,0.4634,0.007,0.0,0.3448
A864,0.0,0.0,0.0113,0.0931,0.4199,0.8966
A865,0.0689,0.0026,0.0021,0.0151,0.0,0.5862
A866,0.2411,0.0077,0.0074,0.0145,0.0042,0.1034
A867,0.0068,0.0051,0.0031,0.0187,0.0009,0.1379
A868,0.0004,0.0,0.0027,0.0174,0.0,0.6552
A869,0.0008,0.0,0.0041,0.0173,0.0005,0.3103
A870,0.0335,0.0051,0.0055,0.0205,0.0023,0.4828
A871,0.0026,0.0563,0.0445,0.0266,0.0185,1.0
A872,0.0021,0.0051,0.0014,0.0186,0.0,0.1724
A873,0.0165,0.0,0.0064,0.0183,0.0018,0.5862
A874,0.0153,0.0307,0.0186,0.022,0.0226,0.3103
A875,0.0003,0.1202,0.0191,0.0091,0.0092,0.9655
A876,0.0399,0.0077,0.0045,0.0128,0.0042,1.0
A877,0.0035,0.0,0.0015,0.0124,0.0005,0.3448
A878,0.0016,0.0,0.0026,0.0121,0.0,0.1724
A879,0.006,0.0026,0.0028,0.0123,0.0,0.1724
A880,0.0036,0.1355,0.0231,0.028,0.0656,0.7241
A881,0.0588,0.0358,0.0068,0.0119,0.0134,0.069
A9,0.0002,0.1458,0.2606,0.0465,0.1127,0.7931
A97,0.0,0.2455,0.0928,0.0507,0.1621,0.931
A98,0.0,0.0,0.432,0.0102,0.0,0.4828
A99,0.6529,0.023,0.0057,0.0079,0.0088,0.3103
A108,0.0064,0.0,0.0,0.0001,0.0,0.1724
A109,0.0004,0.0,0.001,0.0001,0.0,0.3103
A110,0.0199,0.0026,0.0,0.0002,0.0,0.6207
A111,0.0067,0.0,0.0002,0.0002,0.0005,0.0345
A112,0.0013,0.0,0.0003,0.0004,0.0,1.0
A113,0.0055,0.0077,0.0001,0.0004,0.0005,0.5172
A116,0.0002,0.1279,0.4733,0.0276,0.037,0.2759
A117,0.0002,0.0767,0.5151,0.0371,0.0624,0.2759
A156,0.0121,0.0,0.0032,0.004,0.0005,0.2759
A157,0.006,0.0026,0.0027,0.0086,0.0005,1.0
A158,0.0035,0.0,0.003,0.0093,0.0,0.2069
A159,0.0114,0.0,0.0026,0.0092,0.0,0.0345
A160,0.0223,0.0,0.0021,0.0079,0.0,1.0
A161,0.0225,0.0026,0.0016,0.0067,0.0,0.4483
A162,0.0071,0.0,0.0016,0.0085,0.0,0.1379
A163,0.0,0.0,0.0127,0.0094,0.0,0.2414
A164,0.0523,0.0358,0.0048,0.004,0.0018,0.6552
A165,0.0035,0.0051,0.0057,0.0035,0.0018,0.1379
A166,0.0215,0.023,0.0044,0.0025,0.0009,0.3793
A167,0.0015,0.0,0.0053,0.0023,0.0009,0.5862
A168,0.0,0.0,0.0,0.0113,0.0,0.4138
A177,0.0022,0.0358,0.0044,0.0095,0.0065,0.5172
A183,0.0,0.0,0.0,0.0017,0.0,0.3103
A184,0.0229,0.0,0.0012,0.0085,0.0,0.069
A185,0.0158,0.0,0.0002,0.0089,0.0,0.1034
A186,0.0197,0.0,0.0028,0.0089,0.0,0.6207
A187,0.0189,0.0,0.0024,0.0078,0.0,0.8621
A188,0.0506,0.0,0.0025,0.009,0.0,0.3103
A189,0.0142,0.0,0.0017,0.0077,0.0,0.1379
A191,0.0066,0.1688,0.1518,0.0332,0.0397,0.5862
A192,0.0069,0.1355,0.0819,0.0332,0.0236,0.2069
A193,0.0025,0.156,0.1388,0.0268,0.0273,0.9655
A194,0.0205,0.1049,0.0542,0.0208,0.0148,0.3793
A195,0.0155,0.0,0.0011,0.0085,0.0,0.6207
A196,0.0105,0.0,0.0003,0.009,0.0,0.1379
A197,0.0089,0.0026,0.0018,0.0086,0.0,0.3103
A198,0.0035,0.1816,0.0223,0.0136,0.0273,0.1379
A199,0.0282,0.0,0.0012,0.0084,0.0,0.5517
A200,0.0253,0.0,0.0008,0.0057,0.0,0.4828
A201,0.0247,0.0,0.0004,0.0087,0.0,0.3448
A202,0.0015,0.0077,0.0027,0.0088,0.0009,0.1724
A204,0.0213,0.0026,0.003,0.009,0.0005,0.2069
A205,0.0125,0.0051,0.0034,0.0083,0.0009,0.7586
A206,0.0,0.0,0.0826,0.0341,0.0,0.2414
A207,0.0116,0.0,0.0024,0.0085,0.0,0.0345
A208,0.0117,0.0,0.003,0.0092,0.0,0.0345
A209,0.0014,0.0205,0.0088,0.0116,0.0046,0.2069
A210,0.103,0.0026,0.0011,0.0089,0.0,0.3448
A211,0.0001,0.0,0.0066,0.0,0.0,0.1034
A212,0.0,0.0,0.0,0.006,0.0,0.1034
A213,0.0328,0.0,0.0014,0.0089,0.0,0.1379
A214,0.0024,0.0051,0.0,0.0095,0.0005,0.8966
A217,0.0,0.0,0.0546,0.0284,0.0249,0.1034
A218,0.0163,0.0,0.0032,0.0107,0.0,0.0
A219,0.0,0.0,0.0897,0.0266,0.0185,0.6897
A220,0.0106,0.0,0.0026,0.0087,0.0,0.4828
A221,0.006,0.0,0.0021,0.0081,0.0,0.1724
A222,0.0217,0.0,0.0022,0.0092,0.0,0.7241
A223,0.0002,0.0,0.0,0.0094,0.0,0.8966
A224,0.0532,0.0,0.0011,0.0085,0.0,0.931
A225,0.0376,0.0,0.0007,0.005,0.0005,0.6552
A226,0.028,0.0,0.0004,0.0088,0.0,0.069
A227,0.0035,0.0,0.0016,0.0124,0.0,0.2759
A228,0.0062,0.0,0.0023,0.0086,0.0,0.2414
A229,0.0054,0.0,0.0021,0.0089,0.0005,0.1379
A230,0.0122,0.0,0.0013,0.0082,0.0,0.1379
A231,0.0046,0.0026,0.0024,0.0085,0.0,0.6897
A232,0.0042,0.0,0.0023,0.0122,0.0,0.0345
A233,0.0117,0.0026,0.0028,0.0088,0.0,0.7931
A234,0.0066,0.0,0.0025,0.0089,0.0014,0.5862
A235,0.0328,0.0,0.0024,0.0091,0.0009,0.7931
A236,0.0251,0.0,0.0014,0.008,0.0,0.4828
A237,0.0073,0.0,0.0016,0.0084,0.0014,0.2069
A238,0.0176,0.0,0.0009,0.0037,0.0005,0.0
A239,0.0039,0.0,0.0008,0.0089,0.0,0.8276
A240,0.0101,0.0,0.0019,0.0101,0.0,0.7586
A241,0.0192,0.0,0.0023,0.0078,0.0,0.931
A242,0.0115,0.0,0.0023,0.0101,0.0,0.931
A243,0.0113,0.0,0.0015,0.0102,0.0,0.4828
A244,0.0205,0.0,0.0014,0.0082,0.0005,0.9655
A245,0.0388,0.0,0.0014,0.0088,0.0005,0.0
A246,0.022,0.0026,0.0013,0.0067,0.0005,0.8276
A247,0.0067,0.0,0.0024,0.009,0.0,0.6897
A248,0.0047,0.0026,0.0019,0.0085,0.0,0.6552
A249,0.0047,0.0,0.0011,0.0084,0.0,0.9655
A250,0.0052,0.0,0.0026,0.0124,0.0,0.8966
A251,0.0144,0.0026,0.0026,0.0088,0.0,0.5172
A252,0.0085,0.0,0.0023,0.0082,0.0,0.7586
A253,0.0302,0.0,0.0023,0.0091,0.0,0.1724
A254,0.0102,0.0,0.002,0.0086,0.0,0.5862
A255,0.0224,0.0,0.0014,0.0075,0.0,0.931
A256,0.0078,0.0026,0.001,0.0088,0.0009,0.0
A257,0.0188,0.0,0.0017,0.0082,0.0,0.6207
A258,0.0144,0.0,0.0004,0.0089,0.0,0.4483
A259,0.0185,0.0,0.0019,0.0099,0.0,0.2414
A260,0.0047,0.0,0.003,0.0104,0.0,0.4138
A261,0.0269,0.0,0.0022,0.01,0.0,0.6552
A262,0.0021,0.0,0.0018,0.009,0.0,0.069
A263,0.0212,0.0,0.0013,0.0086,0.0,0.3448
A264,0.0144,0.0026,0.0003,0.0091,0.0014,0.6552
A265,0.009,0.0,0.0021,0.0086,0.0,0.2759
A266,0.0169,0.0,0.0015,0.0075,0.0,0.931
A267,0.0293,0.0,0.001,0.0086,0.0,1.0
A268,0.0143,0.0,0.0003,0.0089,0.0,0.3448
A269,0.0,0.0,0.5235,0.0066,0.0,0.3103
A270,0.0071,0.0,0.0023,0.0125,0.0,0.3448
A271,0.0197,0.0,0.0026,0.0088,0.0,0.5172
A272,0.0189,0.0,0.0028,0.0078,0.0,0.3448
A273,0.0408,0.0,0.0025,0.0092,0.0,0.4138
A274,0.0104,0.0,0.0027,0.0101,0.0,0.0
A275,0.003,0.0,0.0019,0.0106,0.0,0.7586
A276,0.0187,0.0026,0.0023,0.0076,0.0,0.5862
A277,0.0075,0.0,0.0022,0.0108,0.0,0.1724
A278,0.0115,0.0,0.0014,0.0081,0.0,0.8276
A279,0.0126,0.0026,0.0008,0.0088,0.0009,0.3103
A280,0.0107,0.0,0.0004,0.0092,0.0018,0.2759
A281,0.0215,0.0,0.0019,0.0101,0.0,0.6552
A282,0.0055,0.0,0.002,0.0105,0.0,0.3448
A283,0.0145,0.0,0.0026,0.0095,0.0005,0.3103
A383,0.001,0.0563,0.0734,0.0207,0.0425,0.3448
A42,0.0244,0.0,0.002,0.0015,0.0,0.2069
A43,0.032,0.0026,0.0018,0.0015,0.0005,0.3793
A44,0.0002,0.0,0.0,0.0056,0.0102,0.2759
A512,0.0001,0.0,0.0,0.0039,0.0,1.0
A513,0.0001,0.0,0.0,0.0038,0.0,0.8621
A514,0.0001,0.0,0.0,0.0039,0.0,0.1379
A515,0.0001,0.0,0.0,0.0039,0.0,0.1724
A516,0.0001,0.0,0.0,0.0039,0.0,0.6897
A517,0.0001,0.0,0.0,0.0039,0.0,0.2069
A518,0.0001,0.0,0.0,0.0039,0.0,0.5517
A519,0.0001,0.0,0.0,0.0039,0.0,0.069
A520,0.0001,0.0,0.0,0.004,0.0,0.1724
A521,0.0001,0.0,0.0,0.0039,0.0,0.1379
A522,0.0001,0.0,0.0,0.0038,0.0,1.0
A523,0.0001,0.0,0.0,0.0039,0.0,0.2414
A524,0.0001,0.0,0.0,0.0039,0.0,0.8276
A525,0.0001,0.0,0.0,0.0038,0.0,0.1034
A526,0.0001,0.0,0.0,0.0039,0.0,0.8621
A527,0.0001,0.0,0.0,0.0038,0.0,0.7241
A528,0.0001,0.0,0.0,0.0039,0.0,0.1034
A529,0.0001,0.0,0.0,0.0038,0.0,0.5862
A530,0.0001,0.0,0.0,0.0039,0.0,0.2759
A531,0.0001,0.0,0.0,0.0039,0.0,0.9655
A532,0.0001,0.0,0.0,0.0038,0.0,0.2759
A533,0.0001,0.0,0.0,0.0039,0.0,0.2759
A534,0.0001,0.0,0.0,0.0039,0.0,0.0
A535,0.0001,0.0,0.0,0.0039,0.0,0.4828
A536,0.0001,0.0,0.0,0.004,0.0,0.1379
A537,0.0001,0.0,0.0,0.0039,0.0,0.6897
A538,0.0001,0.0,0.0,0.0038,0.0,0.069
A539,0.0001,0.0,0.0,0.0039,0.0,0.069
A540,0.0001,0.0,0.0,0.0039,0.0,0.931
A541,0.0001,0.0,0.0,0.0039,0.0,1.0
A542,0.0001,0.0,0.0,0.0038,0.0,0.3793
A543,0.0001,0.0,0.0,0.004,0.0,0.8621
A544,0.0001,0.0,0.0,0.0039,0.0,0.069
A545,0.0001,0.0,0.0,0.0039,0.0,0.7241
A546,0.0001,0.0,0.0,0.0039,0.0,0.3103
A547,0.0001,0.0,0.0,0.0039,0.0,0.4828
A548,0.0001,0.0,0.0,0.0039,0.0,0.2759
A549,0.0001,0.0,0.0,0.0039,0.0,0.6897
A570,0.051,0.0716,0.0093,0.0155,0.0143,0.5172
A571,0.0687,0.0997,0.0031,0.0064,0.0065,0.6207
A572,0.0087,0.0716,0.0069,0.0087,0.0092,0.6897
A573,0.0021,0.023,0.0116,0.0059,0.0102,0.1379
A574,0.0003,0.1688,0.0154,0.029,0.0254,0.0
A575,0.0045,0.1586,0.0153,0.019,0.0176,0.7241
A576,0.0011,0.0077,0.0092,0.013,0.0106,0.3103
A577,0.0046,0.0563,0.0078,0.0177,0.0171,0.5862
A578,0.0004,0.0793,0.017,0.0531,0.0767,1.0
A579,0.0002,0.0,0.0351,0.0198,0.0166,0.8276
A580,0.0066,0.0691,0.0041,0.0132,0.0134,0.8276
A581,0.0065,0.0563,0.021,0.0141,0.0185,0.069
A582,0.0089,0.0435,0.0134,0.0135,0.0125,0.1034
A583,0.0007,0.0512,0.0133,0.0089,0.0088,0.6897
A584,0.0007,0.0997,0.0108,0.0131,0.0088,0.7241
A585,0.0017,0.1355,0.0136,0.011,0.0083,0.0
A586,0.0011,0.0256,0.0039,0.0133,0.0162,0.0
A587,0.0011,0.1381,0.0295,0.0173,0.024,0.2759
A588,0.006,0.0895,0.0201,0.0269,0.0268,0.7241
A589,0.0052,0.2148,0.0207,0.0306,0.0411,0.0
A590,0.0084,0.1202,0.0033,0.0172,0.0143,0.8621
A591,0.0001,0.0742,0.0,0.0271,0.0259,0.2759
A592,0.0019,0.1151,0.0038,0.021,0.0199,0.7241
A593,0.0035,0.2532,0.0176,0.0255,0.0148,0.0
A594,0.0225,0.0691,0.0173,0.0251,0.0203,0.4138
A595,0.006,0.0435,0.0132,0.0152,0.0148,0.2069
A596,0.0031,0.0281,0.0138,0.0139,0.006,1.0
A597,0.0032,0.0486,0.012,0.0123,0.0111,0.6207
A598,0.0026,0.0358,0.0146,0.0128,0.0097,0.6207
A599,0.0005,0.0895,0.0207,0.0268,0.0425,0.1034
A600,0.0024,0.0409,0.0177,0.0091,0.0065,0.2759
A601,0.0592,0.0384,0.0062,0.0067,0.0134,0.3793
A602,0.0022,0.0179,0.0184,0.0005,0.0,0.7586
A603,0.0056,0.0,0.0074,0.0003,0.0,0.7931
A604,0.0034,0.0256,0.0123,0.0081,0.0106,0.5517
A605,0.0094,0.0281,0.0091,0.0056,0.0079,0.3103
A606,0.0051,0.0946,0.0195,0.0192,0.0328,0.1034
A607,0.0064,0.0358,0.0085,0.0063,0.006,0.3448
A608,0.0039,0.023,0.0065,0.0034,0.006,0.3793
A609,0.0108,0.0179,0.0071,0.0046,0.006,0.931
A610,0.0079,0.023,0.0075,0.0046,0.0092,0.6552
A611,0.0024,0.0537,0.0094,0.015,0.0166,0.4828
A612,0.0307,0.023,0.0075,0.0022,0.0018,0.4483
A613,0.0062,0.0512,0.0095,0.0043,0.0051,0.3448
A614,0.0109,0.0051,0.008,0.0013,0.0005,0.3793
A615,0.0067,0.023,0.0091,0.0056,0.0074,0.5172
A616,0.0009,0.1432,0.0244,0.0413,0.0531,0.9655
A617,0.0309,0.0281,0.0086,0.004,0.006,0.7586
A618,0.0034,0.046,0.0086,0.0063,0.0074,0.6897
A619,0.0052,0.0026,0.0085,0.002,0.0023,0.2414
A620,0.0071,0.1432,0.017,0.0186,0.0249,0.4483
A621,0.009,0.0614,0.0083,0.0116,0.0115,0.4483
A622,0.0085,0.0844,0.0122,0.0149,0.0176,0.6552
A623,0.0126,0.0614,0.0094,0.0101,0.0106,1.0
A624,0.0113,0.0844,0.0114,0.0142,0.0176,0.7586
A625,0.0008,0.1407,0.0184,0.033,0.042,0.0
A626,0.0281,0.023,0.0088,0.0039,0.006,0.9655
A627,0.0042,0.0281,0.0126,0.0064,0.0083,0.1724
A628,0.0105,0.0179,0.0084,0.0046,0.0055,0.2069
A629,0.0055,0.0691,0.0185,0.0107,0.0152,0.8621
A630,0.0081,0.0179,0.008,0.0058,0.0042,0.8276
A631,0.0058,0.0384,0.0093,0.0073,0.0079,0.7241
A632,0.0099,0.0153,0.0081,0.0028,0.0023,0.4138
A633,0.0072,0.0256,0.0111,0.0067,0.0079,0.7931
A634,0.0061,0.1432,0.0113,0.0218,0.0226,0.4138
A635,0.0807,0.0537,0.0053,0.0078,0.0042,0.3793
A636,0.0082,0.0818,0.0114,0.0132,0.0129,0.5862
A637,0.0098,0.0153,0.009,0.0023,0.0032,0.8621
A638,0.0083,0.0,0.0068,0.0016,0.0023,0.8621
A639,0.0014,0.2225,0.0116,0.0257,0.0273,0.0
A640,0.0343,0.0716,0.0298,0.0103,0.0139,0.7931
A641,0.003,0.087,0.0085,0.007,0.006,0.8621
A642,0.0047,0.0026,0.0091,0.0004,0.0005,0.069
A643,0.0296,0.0179,0.008,0.0034,0.006,0.7931
A644,0.0026,0.0205,0.0087,0.0019,0.0014,0.5172
A645,0.0087,0.0051,0.009,0.0003,0.0005,0.4138
A646,0.0003,0.0384,0.0202,0.0039,0.0152,0.1724
A647,0.001,0.0179,0.0075,0.0059,0.0074,0.2759
A648,0.0008,0.0,0.0078,0.0012,0.0005,0.6207
A649,0.0009,0.023,0.006,0.0034,0.0042,0.0
A650,0.0058,0.0946,0.0172,0.0198,0.037,0.9655
A651,0.0055,0.0026,0.0056,0.0017,0.0018,0.2069
A652,0.0039,0.0205,0.0084,0.0035,0.0046,0.8276
A653,0.0106,0.0281,0.0085,0.005,0.0079,0.7241
A654,0.0065,0.0409,0.0078,0.0052,0.0074,0.6207
A655,0.001,0.243,0.0104,0.0316,0.0517,0.5172
A656,0.0284,0.023,0.0079,0.0033,0.0046,0.069
A657,0.0034,0.11,0.0093,0.0055,0.0051,0.7586
A658,0.0124,0.0435,0.0097,0.0071,0.0097,0.8966
A659,0.0005,0.0179,0.0092,0.005,0.0083,0.4483
A660,0.0018,0.0,0.0045,0.0047,0.0032,0.069
A661,0.0006,0.0,0.0058,0.0006,0.0009,0.1379
A662,0.0008,0.0256,0.0065,0.0024,0.0009,0.5517
A663,0.0002,0.0,0.0235,0.0015,0.0,0.5172
A664,0.0009,0.0,0.0067,0.0031,0.0028,0.7586
A665,0.0008,0.0,0.0054,0.0015,0.0,0.5862
A666,0.0009,0.0,0.0055,0.0021,0.0005,0.0345
A667,0.0045,0.0,0.0068,0.0002,0.0,0.4828
A668,0.0252,0.0,0.0074,0.0004,0.0005,0.7241
A669,0.0025,0.0051,0.0054,0.0003,0.0,0.3103
A670,0.0085,0.0026,0.0082,0.0003,0.0005,0.8621
A716,0.0304,0.0563,0.0464,0.0259,0.0254,0.3448
A718,0.1381,0.0102,0.0057,0.0155,0.0042,0.3793
A719,0.0005,0.0,0.0195,0.0128,0.0282,0.8966
A720,0.0795,0.0179,0.0159,0.02,0.0055,0.3793
A721,0.0001,0.0,0.0,0.0172,0.0,0.7586
A725,0.0147,0.0077,0.0108,0.0014,0.0023,0.8621
A726,0.0002,0.5115,0.0039,0.0229,0.1136,0.069
A727,0.0024,0.0077,0.0089,0.0043,0.0005,0.8966
A728,0.0025,0.0,0.0113,0.0044,0.0,0.8966
A729,0.0017,0.0,0.0016,0.0126,0.0,0.8621
A730,0.005,0.0026,0.0063,0.0013,0.0005,0.7931
A731,0.0041,0.0026,0.0068,0.001,0.0,0.9655
A732,0.0035,0.0102,0.0147,0.0042,0.0005,0.0345
A733,0.001,0.0,0.0153,0.0047,0.0,0.5517
A734,0.0013,0.0,0.0053,0.0009,0.0005,0.069
A735,0.0004,0.0,0.0117,0.0008,0.0,0.0345
A736,0.0034,0.0,0.0091,0.0013,0.0028,0.3793
A737,0.0012,0.0077,0.0104,0.004,0.0005,0.4828
A738,0.0003,0.0,0.015,0.0047,0.0,0.7586
A739,0.0035,0.0026,0.0069,0.0012,0.0005,1.0
A740,0.004,0.0026,0.006,0.0011,0.0005,0.5172
A741,0.0204,0.0077,0.0086,0.0011,0.0014,0.4138
A742,0.0008,0.0128,0.0125,0.0049,0.0005,0.7931
A743,0.0008,0.0358,0.0106,0.0049,0.0005,1.0
A744,0.0029,0.0153,0.0118,0.0066,0.0,0.7241
A745,0.0008,0.0128,0.0132,0.0065,0.0005,0.3793
A746,0.0041,0.0,0.0076,0.0011,0.0,0.7586
A747,0.0031,0.023,0.0053,0.0011,0.0005,0.6897
A748,0.009,0.0102,0.01,0.0011,0.0009,0.069
A749,0.0031,0.0,0.013,0.0039,0.0,0.8276
A750,0.0035,0.0,0.0102,0.0041,0.0014,0.7586
A751,0.0018,0.0051,0.0123,0.0057,0.0005,0.1724
A752,0.004,0.0,0.0067,0.0012,0.0009,0.069
A753,0.003,0.0,0.0041,0.0012,0.0,0.1724
A754,0.0223,0.0077,0.0089,0.0012,0.0014,0.3448
A755,0.0001,0.6394,0.0153,0.023,0.0984,0.7241
A756,0.0,0.3069,0.0,0.0509,0.4074,0.8621
A757,0.0037,0.0,0.0047,0.0011,0.0005,0.2414
A758,0.0015,0.0,0.005,0.0007,0.0,0.8966
A759,0.0055,0.0,0.0066,0.0011,0.0005,0.2069
A76,0.0001,0.399,0.5618,0.0217,0.0365,0.6552
A760,0.0041,0.0077,0.0057,0.0013,0.0014,0.5862
A761,0.0167,0.0051,0.0094,0.0011,0.0009,0.9655
A762,0.0006,0.0,0.0098,0.0036,0.0,0.5862
A763,0.0018,0.0,0.0119,0.004,0.0,0.3448
A764,0.0008,0.0,0.005,0.0055,0.0,0.8966
A77,0.0005,0.0588,0.0061,0.001,0.0009,0.931
A78,0.0,0.0,0.013,0.0047,0.0152,0.7586
A79,0.0,0.0,0.0,0.0068,0.0273,0.3448
A80,0.0007,0.0281,0.0015,0.0028,0.0037,0.5517
A81,0.0001,0.1304,0.0025,0.0065,0.0226,0.5517
A82,0.0001,0.0,0.0,0.005,0.0111,0.4138
A825,0.0,0.0,0.0,0.0087,0.0,0.6897
A827,0.0002,0.0,0.0,1.0,0.0,0.9655
A83,0.0001,0.0,0.0,0.0048,0.0434,0.5172
A84,0.0001,0.1944,0.0,0.0076,0.0,0.7931
A85,0.0,0.0,0.0076,0.0039,0.0176,0.6897
A86,0.0003,0.0,0.0022,0.0034,0.0037,0.5862
A87,0.0001,0.0,0.0,0.0021,0.0115,1.0
A88,0.0002,0.0,0.0,0.004,0.0,0.6207
A882,0.0003,0.1023,0.4047,0.0164,0.0203,0.2414
A883,0.1292,0.0384,0.0067,0.0091,0.0102,0.2069
A884,0.0002,0.0,0.0022,0.0001,0.0,0.0345
A885,0.0956,0.0409,0.0053,0.008,0.0083,0.7241
A886,0.0001,0.0,0.0,0.0003,0.0,0.3448
A887,0.4976,0.0563,0.0057,0.012,0.0129,0.6897
A888,0.0004,0.0,0.0017,0.0,0.0,0.5172
A889,0.0,0.0,0.0,0.0026,0.0,0.7931
A89,0.0002,0.0,0.0,0.004,0.0,0.7586
A890,0.3823,0.0281,0.0023,0.007,0.0074,0.7586
A891,0.0001,0.0,0.0,0.0001,0.0,0.2414
A892,0.0001,0.0,0.0,0.0007,0.0,0.7931
A90,0.001,0.0,0.004,0.003,0.0032,0.8621
A91,0.0001,0.0,0.0058,0.0037,0.0,0.6207
A92,0.0003,0.1074,0.0054,0.0058,0.0277,0.8276
A93,0.0013,0.0307,0.0023,0.0041,0.0231,0.5862
A94,0.0005,0.0409,0.0053,0.0029,0.0097,0.9655
A95,0.0005,0.0435,0.0048,0.0016,0.0139,0.5172
A96,0.0002,0.0639,0.2145,0.0414,0.0383,0.1034
A717,0.0123,0.0051,0.0068,0.0154,0.0032,0.3448
A36,0.0,0.0,0.0,0.0396,0.2785,0.9655
A506,0.0,0.0,0.0,0.01,0.0,0.5862
A507,0.0,0.0,0.0,0.0099,0.0,0.3103
A508,0.0,0.0,0.0,0.01,0.0,0.6897
A509,0.0,0.0,0.0,0.01,0.0,0.2759
A510,0.0,0.0,0.0,0.0098,0.0,0.0345
A511,0.0,0.0,0.0,0.0099,0.0,0.7931
A21,0.1786,0.0205,0.0025,0.0092,0.0023,0.4483
A22,0.1688,0.0051,0.0008,0.0055,0.0014,0.6207
A23,0.0,0.2072,0.5133,0.0345,0.2947,0.8621
A24,0.0,0.2251,0.5633,0.021,0.0896,0.7586
A25,0.0259,0.0026,0.0106,0.0076,0.0009,0.5862
A26,0.0004,0.2532,0.1783,0.033,0.0564,0.5172
A27,0.0274,0.0051,0.0033,0.0063,0.0014,0.8276
A28,0.0578,0.0128,0.0059,0.006,0.0032,0.5517
A29,0.0514,0.0026,0.0019,0.0059,0.0005,0.1724
A30,0.0478,0.0102,0.0047,0.0059,0.0028,0.4483
A31,0.0641,0.0077,0.0027,0.0028,0.0014,0.0
A32,0.1053,0.0179,0.0021,0.0028,0.0023,0.5517
A33,0.0135,0.0179,0.0097,0.0071,0.0046,0.8276
A34,0.0114,0.0,0.001,0.0014,0.0005,0.1724
A37,0.0725,0.023,0.0147,0.0065,0.006,0.069
A38,0.0703,0.0051,0.0022,0.0026,0.0009,0.1379
A39,0.0772,0.0077,0.0025,0.0017,0.0009,0.5172
A40,0.0123,0.0051,0.0027,0.0016,0.0005,0.7241
A41,0.0542,0.0026,0.0015,0.004,0.0005,0.3103
A826,0.0,0.0,0.0,0.5272,0.0,0.6207
